Model,Accuracy,Precision,Recall,ROC-AUC,CV ROC-AUC Mean,CV ROC-AUC Std
Logistic Regression,0.9976101732076299,0.9972732917577819,0.9997834794846812,0.999389539379475,0.9992962521034576,0.0002995395403241599
Random Forest,0.9974566980925236,0.9968702784372977,1.0,0.9999678606265792,0.9998981763090393,7.268554966799202e-05
XGBoost,0.9989695242271431,0.9987295580483849,1.0,0.9999431889862398,0.999890027508455,8.14753667747439e-05
